Folio Muestra,Fecha,Municipio,Coliformes Fecales,Color,pH,Ion Fluoruro,Sólidos Disueltos Totales,Dureza Total (CaCO3),Cloro Libre Residual
000057,16 de enero de 2024,Zapopan,No Realizado,Dentro de Norma,Dentro de Norma,Dentro de Norma,Dentro de Norma,Dentro de Norma,Dentro de Norma
000056,16 de enero de 2024,Zapopan,No Realizado,Dentro de Norma,Dentro de Norma,Dentro de Norma,Dentro de Norma,Dentro de Norma,Fuera de Norma
000078,17 de enero de 2024,Zapopan,No Realizado,Dentro de Norma,Dentro de Norma,Dentro de Norma,Dentro de Norma,Dentro de Norma,Fuera de Norma
000079,17 de enero de 2024,Zapopan,No Detectado,Dentro de Norma,Dentro de Norma,Dentro de Norma,Dentro de Norma,Dentro de Norma,Fuera de Norma
000105,18 de enero de 2024,Tonalá,No Realizado,Dentro de Norma,Dentro de Norma,Dentro de Norma,Dentro de Norma,Dentro de Norma,Fuera de Norma
000168,25 de enero de 2024,Tonalá,No Realizado,Dentro de Norma,Dentro de Norma,Dentro de Norma,Dentro de Norma,Dentro de Norma,Fuera de Norma
000177,29 de enero de 2024,Zapopan,No Realizado,Dentro de Norma,Dentro de Norma,Dentro de Norma,Dentro de Norma,Dentro de Norma,Fuera de Norma
000317,14 de febrero de 2024,Tonalá,No Detectado,Dentro de Norma,Dentro de Norma,Dentro de Norma,Dentro de Norma,Dentro de Norma,Dentro de Norma
000492,29 de febrero de 2024,Zapopan,No Detectado,Dentro de Norma,Dentro de Norma,Dentro de Norma,Dentro de Norma,Dentro de Norma,Fuera de Norma
000778,21 de marzo de 2024,Tonalá,No Detectado,Dentro de Norma,Dentro de Norma,Dentro de Norma,Dentro de Norma,Dentro de Norma,Fuera de Norma
000832,26 de marzo de 2024,Zapopan,No Realizado,Dentro de Norma,Dentro de Norma,Dentro de Norma,Dentro de Norma,Dentro de Norma,Dentro de Norma
000858,27 de marzo de 2024,Zapopan,No Detectado,Dentro de Norma,Dentro de Norma,Dentro de Norma,Dentro de Norma,Dentro de Norma,Fuera de Norma
000859,27 de marzo de 2024,Zapopan,No Realizado,Dentro de Norma,Dentro de Norma,Dentro de Norma,Dentro de Norma,Dentro de Norma,Fuera de Norma
001098,11 de abril de 2024,Tonalá,No Realizado,Dentro de Norma,Dentro de Norma,Dentro de Norma,Dentro de Norma,Dentro de Norma,Fuera de Norma
001244,19 de abril de 2024,Zapopan,No Detectado,Dentro de Norma,Dentro de Norma,Dentro de Norma,Dentro de Norma,Dentro de Norma,Dentro de Norma
001245,19 de abril de 2024,Zapopan,No Detectado,Dentro de Norma,Dentro de Norma,Dentro de Norma,Dentro de Norma,Dentro de Norma,Dentro de Norma
001257,23 de abril de 2024,Zapopan,No Realizado,Dentro de Norma,Dentro de Norma,Dentro de Norma,Dentro de Norma,Dentro de Norma,Fuera de Norma
001418,7 de mayo de 2024,Guadalajara,No Realizado,Dentro de Norma,Dentro de Norma,Fuera de Norma,Dentro de Norma,Dentro de Norma,Dentro de Norma
001419,7 de mayo de 2024,Tlaquepaque,No Realizado,Dentro de Norma,Dentro de Norma,Fuera de Norma,Dentro de Norma,Dentro de Norma,Dentro de Norma
001420,7 de mayo de 2024,Tonalá,No Realizado,Dentro de Norma,Dentro de Norma,Fuera de Norma,Dentro de Norma,Dentro de Norma,Dentro de Norma
001512,9 de mayo de 2024,Tonalá,No Realizado,Dentro de Norma,Dentro de Norma,Dentro de Norma,Dentro de Norma,Dentro de Norma,Fuera de Norma
001584,15 de mayo de 2024,Zapopan,No Realizado,Dentro de Norma,Dentro de Norma,Dentro de Norma,Dentro de Norma,Dentro de Norma,Fuera de Norma
001697,28 de mayo de 2024,Zapopan,No Realizado,Dentro de Norma,Dentro de Norma,Dentro de Norma,Dentro de Norma,Dentro de Norma,Fuera de Norma
001698,28 de mayo de 2024,Zapopan,No Realizado,Dentro de Norma,Dentro de Norma,Dentro de Norma,Dentro de Norma,Dentro de Norma,Fuera de Norma
001851,13 de junio de 2024,Zapopan,No Realizado,Dentro de Norma,Dentro de Norma,Dentro de Norma,Dentro de Norma,Dentro de Norma,Dentro de Norma
001900,19 de junio de 2024,Zapopan,No Detectado,Dentro de Norma,Dentro de Norma,Fuera de Norma,Dentro de Norma,Dentro de Norma,Dentro de Norma
001899,19 de junio de 2024,Zapopan,No Detectado,Dentro de Norma,Dentro de Norma,Fuera de Norma,Dentro de Norma,Dentro de Norma,Fuera de Norma
001976,25 de junio de 2024,Tonalá,No Realizado,Dentro de Norma,Dentro de Norma,Dentro de Norma,Dentro de Norma,Dentro de Norma,Fuera de Norma
002017,26 de junio de 2024,Zapopan,No Detectado,Dentro de Norma,Dentro de Norma,Dentro de Norma,Dentro de Norma,Dentro de Norma,Dentro de Norma
002018,26 de junio de 2024,Zapopan,No Detectado,Dentro de Norma,Dentro de Norma,Dentro de Norma,Dentro de Norma,Dentro de Norma,Dentro de Norma
002132,9 de julio de 2024,Zapopan,No Realizado,Dentro de Norma,Dentro de Norma,Dentro de Norma,Dentro de Norma,Dentro de Norma,Fuera de Norma
002170,11 de julio de 2024,Tonalá,No Realizado,Fuera de Norma,Dentro de Norma,Dentro de Norma,Dentro de Norma,Dentro de Norma,Fuera de Norma
002176,11 de julio de 2024,Zapopan,No Detectado,Fuera de Norma,Dentro de Norma,Dentro de Norma,Dentro de Norma,Dentro de Norma,Dentro de Norma
002177,11 de julio de 2024,Zapopan,No Realizado,Dentro de Norma,Dentro de Norma,Dentro de Norma,Dentro de Norma,Dentro de Norma,Fuera de Norma
002213,16 de julio de 2024,Tonalá,No Detectado,Dentro de Norma,Dentro de Norma,Dentro de Norma,Dentro de Norma,Dentro de Norma,Dentro de Norma
002245,17 de julio de 2024,Tonalá,No Realizado,Dentro de Norma,Dentro de Norma,Dentro de Norma,Dentro de Norma,Dentro de Norma,Dentro de Norma
002368,25 de julio de 2024,Guadalajara,No Realizado,Dentro de Norma,Dentro de Norma,Fuera de Norma,Dentro de Norma,Dentro de Norma,Fuera de Norma
002369,25 de julio de 2024,Guadalajara,No Realizado,Dentro de Norma,Dentro de Norma,Dentro de Norma,Dentro de Norma,Dentro de Norma,Fuera de Norma
002370,25 de julio de 2024,Guadalajara,No Realizado,Dentro de Norma,Dentro de Norma,Fuera de Norma,Dentro de Norma,Dentro de Norma,Fuera de Norma
002371,26 de julio de 2024,Zapopan,No Realizado,Dentro de Norma,Dentro de Norma,Dentro de Norma,Dentro de Norma,Dentro de Norma,Fuera de Norma
002603,20 de agosto de 2024,Zapopan,No Detectado,Fuera de Norma,Dentro de Norma,Dentro de Norma,Dentro de Norma,Dentro de Norma,Fuera de Norma
002645,27 de agosto de 2024,Zapopan,No Detectado,Dentro de Norma,Dentro de Norma,Dentro de Norma,Dentro de Norma,Dentro de Norma,Fuera de Norma
002646,27 de agosto de 2024,Zapopan,No Detectado,Dentro de Norma,Dentro de Norma,Dentro de Norma,Dentro de Norma,Dentro de Norma,Fuera de Norma
002682,28 de agosto de 2024,Tonalá,No Realizado,Fuera de Norma,Dentro de Norma,Dentro de Norma,Dentro de Norma,Dentro de Norma,Fuera de Norma
002790,9 de septiembre de 2024,Guadalajara,No Realizado,Dentro de Norma,Dentro de Norma,Fuera de Norma,Dentro de Norma,Dentro de Norma,Fuera de Norma
002895,12 de septiembre de 2024,Tonalá,No Realizado,Fuera de Norma,Dentro de Norma,Dentro de Norma,Dentro de Norma,Dentro de Norma,Fuera de Norma
002890,12 de septiembre de 2024,Zapopan,No Realizado,Fuera de Norma,Dentro de Norma,Dentro de Norma,Dentro de Norma,Dentro de Norma,Fuera de Norma
002964,19 de septiembre de 2024,Zapopan,No Realizado,Dentro de Norma,Dentro de Norma,Dentro de Norma,Dentro de Norma,Dentro de Norma,Fuera de Norma
002992,23 de septiembre de 2024,Guadalajara,No Detectado,Dentro de Norma,Dentro de Norma,Dentro de Norma,Dentro de Norma,Dentro de Norma,Fuera de Norma
003050,7 de octubre de 2024,Guadalajara,No Realizado,Dentro de Norma,Dentro de Norma,Dentro de Norma,Dentro de Norma,Dentro de Norma,Dentro de Norma
003053,7 de octubre de 2024,Guadalajara,No Realizado,Dentro de Norma,Dentro de Norma,Dentro de Norma,Dentro de Norma,Dentro de Norma,Fuera de Norma
003114,10 de octubre de 2024,Zapopan,No Realizado,Dentro de Norma,Dentro de Norma,Dentro de Norma,Dentro de Norma,Dentro de Norma,Dentro de Norma
003113,10 de octubre de 2024,Zapopan,No Detectado,Dentro de Norma,Dentro de Norma,Dentro de Norma,Dentro de Norma,Dentro de Norma,Fuera de Norma
003184,16 de octubre de 2024,Zapopan,No Realizado,Dentro de Norma,Dentro de Norma,Dentro de Norma,Dentro de Norma,Dentro de Norma,Fuera de Norma
003238,17 de octubre de 2024,Tonalá,No Realizado,Fuera de Norma,Dentro de Norma,Dentro de Norma,Dentro de Norma,Dentro de Norma,Fuera de Norma
003425,4 de noviembre de 2024,Tonalá,No Realizado,Dentro de Norma,Dentro de Norma,Dentro de Norma,Dentro de Norma,Dentro de Norma,Fuera de Norma
003426,4 de noviembre de 2024,Tonalá,No Realizado,Dentro de Norma,Dentro de Norma,Dentro de Norma,Dentro de Norma,Dentro de Norma,Fuera de Norma
003427,4 de noviembre de 2024,Tonalá,No Realizado,Dentro de Norma,Dentro de Norma,Dentro de Norma,Dentro de Norma,Dentro de Norma,Fuera de Norma
003428,4 de noviembre de 2024,Tonalá,No Realizado,Dentro de Norma,Dentro de Norma,Dentro de Norma,Dentro de Norma,Dentro de Norma,Fuera de Norma
003429,4 de noviembre de 2024,Tonalá,No Realizado,Dentro de Norma,Dentro de Norma,Dentro de Norma,Dentro de Norma,Dentro de Norma,Fuera de Norma
003430,4 de noviembre de 2024,Tonalá,No Realizado,Dentro de Norma,Dentro de Norma,Dentro de Norma,Dentro de Norma,Dentro de Norma,Fuera de Norma
003431,4 de noviembre de 2024,Tonalá,No Realizado,Dentro de Norma,Dentro de Norma,Dentro de Norma,Dentro de Norma,Dentro de Norma,Fuera de Norma
003432,4 de noviembre de 2024,Tonalá,No Realizado,Dentro de Norma,Dentro de Norma,Dentro de Norma,Dentro de Norma,Dentro de Norma,Fuera de Norma
003433,4 de noviembre de 2024,Tonalá,No Realizado,Dentro de Norma,Dentro de Norma,Dentro de Norma,Dentro de Norma,Dentro de Norma,Fuera de Norma
003434,4 de noviembre de 2024,Tonalá,No Realizado,Dentro de Norma,Dentro de Norma,Dentro de Norma,Dentro de Norma,Dentro de Norma,Fuera de Norma
003435,4 de noviembre de 2024,Tonalá,No Realizado,Dentro de Norma,Dentro de Norma,Dentro de Norma,Dentro de Norma,Dentro de Norma,Fuera de Norma
003436,4 de noviembre de 2024,Tonalá,No Realizado,Dentro de Norma,Dentro de Norma,Dentro de Norma,Dentro de Norma,Dentro de Norma,Fuera de Norma
003537,12 de noviembre de 2024,Zapopan,No Realizado,Dentro de Norma,Dentro de Norma,Dentro de Norma,Dentro de Norma,Dentro de Norma,Fuera de Norma
003637,20 de noviembre de 2024,Guadalajara,No Realizado,Dentro de Norma,Dentro de Norma,Dentro de Norma,Dentro de Norma,Dentro de Norma,Dentro de Norma
003639,20 de noviembre de 2024,Tonalá,No Realizado,Fuera de Norma,Dentro de Norma,Dentro de Norma,Dentro de Norma,Dentro de Norma,Fuera de Norma
003642,20 de noviembre de 2024,Zapopan,No Detectado,Fuera de Norma,Dentro de Norma,Dentro de Norma,Dentro de Norma,Dentro de Norma,Dentro de Norma
003794,4 de diciembre de 2024,Guadalajara,No Realizado,Dentro de Norma,Dentro de Norma,Dentro de Norma,Dentro de Norma,Dentro de Norma,Dentro de Norma
003795,4 de diciembre de 2024,Guadalajara,No Realizado,Dentro de Norma,Dentro de Norma,Dentro de Norma,Dentro de Norma,Dentro de Norma,Dentro de Norma
003797,4 de diciembre de 2024,Guadalajara,No Realizado,Dentro de Norma,Dentro de Norma,Dentro de Norma,Dentro de Norma,Dentro de Norma,Dentro de Norma
003798,4 de diciembre de 2024,Guadalajara,No Realizado,Dentro de Norma,Dentro de Norma,Dentro de Norma,Dentro de Norma,Dentro de Norma,Dentro de Norma
003800,4 de diciembre de 2024,Guadalajara,No Realizado,Dentro de Norma,Dentro de Norma,Dentro de Norma,Dentro de Norma,Dentro de Norma,Dentro de Norma
003807,4 de diciembre de 2024,Tlaquepaque,No Realizado,Dentro de Norma,Dentro de Norma,Dentro de Norma,Dentro de Norma,Dentro de Norma,Dentro de Norma
003808,4 de diciembre de 2024,Tlaquepaque,No Realizado,Dentro de Norma,Dentro de Norma,Dentro de Norma,Dentro de Norma,Dentro de Norma,Dentro de Norma
003809,4 de diciembre de 2024,Tlaquepaque,No Realizado,Dentro de Norma,Dentro de Norma,Dentro de Norma,Dentro de Norma,Dentro de Norma,Dentro de Norma
003806,4 de diciembre de 2024,Tlaquepaque,No Realizado,Dentro de Norma,Dentro de Norma,Dentro de Norma,Dentro de Norma,Dentro de Norma,Fuera de Norma
003810,4 de diciembre de 2024,Tlaquepaque,No Realizado,Dentro de Norma,Dentro de Norma,Dentro de Norma,Dentro de Norma,Dentro de Norma,Fuera de Norma
003805,4 de diciembre de 2024,Zapopan,No Realizado,Dentro de Norma,Dentro de Norma,Dentro de Norma,Dentro de Norma,Dentro de Norma,Dentro de Norma
003801,4 de diciembre de 2024,Zapopan,No Realizado,Dentro de Norma,Dentro de Norma,Fuera de Norma,Dentro de Norma,Dentro de Norma,Fuera de Norma
003802,4 de diciembre de 2024,Zapopan,No Realizado,Dentro de Norma,Dentro de Norma,Fuera de Norma,Dentro de Norma,Dentro de Norma,Fuera de Norma
003803,4 de diciembre de 2024,Zapopan,No Realizado,Dentro de Norma,Dentro de Norma,Dentro de Norma,Dentro de Norma,Dentro de Norma,Fuera de Norma
003804,4 de diciembre de 2024,Zapopan,No Realizado,Dentro de Norma,Dentro de Norma,Dentro de Norma,Dentro de Norma,Dentro de Norma,Fuera de Norma
003840,5 de diciembre de 2024,Tonalá,No Realizado,Fuera de Norma,Dentro de Norma,Dentro de Norma,Dentro de Norma,Dentro de Norma,Fuera de Norma
000015,13 de enero de 2025,Guadalajara,No Detectado,Dentro de Norma,Dentro de Norma,Fuera de Norma,Dentro de Norma,Dentro de Norma,Fuera de Norma
000016,13 de enero de 2025,Guadalajara,No Detectado,Dentro de Norma,Dentro de Norma,Dentro de Norma,Dentro de Norma,Dentro de Norma,Fuera de Norma
000045,16 de enero de 2025,Zapopan,No Detectado,Dentro de Norma,Dentro de Norma,Dentro de Norma,Dentro de Norma,Dentro de Norma,Fuera de Norma
000081,22 de enero de 2025,Zapopan,No Detectado,Dentro de Norma,Dentro de Norma,Dentro de Norma,Dentro de Norma,Dentro de Norma,Fuera de Norma
000082,22 de enero de 2025,Zapopan,No Realizado,Dentro de Norma,Dentro de Norma,Dentro de Norma,Dentro de Norma,Dentro de Norma,Fuera de Norma
000115,27 de enero de 2025,Guadalajara,No Detectado,Dentro de Norma,Dentro de Norma,Dentro de Norma,Dentro de Norma,Dentro de Norma,Dentro de Norma
000114,27 de enero de 2025,Guadalajara,No Detectado,Dentro de Norma,Dentro de Norma,Dentro de Norma,Dentro de Norma,Dentro de Norma,Fuera de Norma
000169,30 de enero de 2025,Tonalá,No Detectado,Dentro de Norma,Dentro de Norma,Dentro de Norma,Dentro de Norma,Dentro de Norma,Dentro de Norma
000209,10 de febrero de 2025,Guadalajara,No Detectado,Dentro de Norma,Dentro de Norma,Dentro de Norma,Dentro de Norma,Dentro de Norma,Fuera de Norma
000210,10 de febrero de 2025,Guadalajara,No Detectado,Dentro de Norma,Dentro de Norma,Dentro de Norma,Dentro de Norma,Dentro de Norma,Fuera de Norma
000252,17 de febrero de 2025,Zapopan,No Detectado,Dentro de Norma,Dentro de Norma,Dentro de Norma,Dentro de Norma,Dentro de Norma,Fuera de Norma
000360,20 de febrero de 2025,Tonalá,No Detectado,Dentro de Norma,Dentro de Norma,Dentro de Norma,Dentro de Norma,Dentro de Norma,Fuera de Norma
000378,24 de febrero de 2025,Guadalajara,No Detectado,Dentro de Norma,Dentro de Norma,Dentro de Norma,Dentro de Norma,Dentro de Norma,Fuera de Norma
000431,27 de febrero de 2025,Zapopan,No Detectado,Dentro de Norma,Dentro de Norma,Dentro de Norma,Dentro de Norma,Dentro de Norma,Fuera de Norma
000432,27 de febrero de 2025,Zapopan,No Detectado,Dentro de Norma,Dentro de Norma,Dentro de Norma,Dentro de Norma,Dentro de Norma,Fuera de Norma
000448,28 de febrero de 2025,Zapopan,No Detectado,Dentro de Norma,Dentro de Norma,Dentro de Norma,Dentro de Norma,Dentro de Norma,Fuera de Norma
000449,28 de febrero de 2025,Zapopan,No Detectado,Dentro de Norma,Dentro de Norma,Dentro de Norma,Dentro de Norma,Dentro de Norma,Fuera de Norma
000503,10 de marzo de 2025,Guadalajara,No Detectado,Dentro de Norma,Dentro de Norma,Dentro de Norma,Dentro de Norma,Dentro de Norma,Fuera de Norma
000504,10 de marzo de 2025,Guadalajara,No Detectado,Dentro de Norma,Dentro de Norma,Dentro de Norma,Dentro de Norma,Dentro de Norma,Fuera de Norma
000500,10 de marzo de 2025,Zapopan,No Realizado,Dentro de Norma,Dentro de Norma,Fuera de Norma,Dentro de Norma,Dentro de Norma,Fuera de Norma
000557,12 de marzo de 2025,Zapopan,No Detectado,Dentro de Norma,Dentro de Norma,Dentro de Norma,Dentro de Norma,Dentro de Norma,Fuera de Norma
000597,14 de marzo de 2025,Zapopan,No Detectado,Dentro de Norma,Dentro de Norma,Dentro de Norma,Dentro de Norma,Dentro de Norma,Dentro de Norma
000661,20 de marzo de 2025,Tonalá,No Detectado,Dentro de Norma,Dentro de Norma,Dentro de Norma,Dentro de Norma,Dentro de Norma,Dentro de Norma
000687,24 de marzo de 2025,Guadalajara,No Detectado,Dentro de Norma,Dentro de Norma,Dentro de Norma,Dentro de Norma,Dentro de Norma,Dentro de Norma
000686,24 de marzo de 2025,Guadalajara,No Detectado,Dentro de Norma,Dentro de Norma,Dentro de Norma,Dentro de Norma,Dentro de Norma,Fuera de Norma
000734,27 de marzo de 2025,Zapopan,No Detectado,Dentro de Norma,Dentro de Norma,Dentro de Norma,Dentro de Norma,Dentro de Norma,Dentro de Norma
000966,14 de abril de 2025,Tonalá,No Realizado,Dentro de Norma,Dentro de Norma,Dentro de Norma,Dentro de Norma,Dentro de Norma,Dentro de Norma
000996,16 de abril de 2025,Zapopan,No Detectado,Dentro de Norma,Dentro de Norma,Fuera de Norma,Dentro de Norma,Dentro de Norma,Fuera de Norma
001022,22 de abril de 2025,Zapopan,No Realizado,Dentro de Norma,Dentro de Norma,Dentro de Norma,Dentro de Norma,Dentro de Norma,Fuera de Norma
001071,25 de abril de 2025,Zapopan,No Realizado,Dentro de Norma,Dentro de Norma,Dentro de Norma,Dentro de Norma,Dentro de Norma,Fuera de Norma
001072,25 de abril de 2025,Zapopan,No Realizado,Dentro de Norma,Dentro de Norma,Dentro de Norma,Dentro de Norma,Dentro de Norma,Fuera de Norma
001406,22 de mayo de 2025,Tonalá,No Realizado,Dentro de Norma,Dentro de Norma,Dentro de Norma,Dentro de Norma,Dentro de Norma,Fuera de Norma
001426,23 de mayo de 2025,Zapopan,No Detectado,Dentro de Norma,Dentro de Norma,Dentro de Norma,Dentro de Norma,Dentro de Norma,Fuera de Norma
001427,23 de mayo de 2025,Zapopan,No Realizado,Dentro de Norma,Dentro de Norma,Dentro de Norma,Dentro de Norma,Dentro de Norma,Fuera de Norma
001482,2 de junio de 2025,Zapopan,No Detectado,Dentro de Norma,Dentro de Norma,Fuera de Norma,Dentro de Norma,Dentro de Norma,Fuera de Norma
001666,12 de junio de 2025,Tonalá,No Realizado,Dentro de Norma,Dentro de Norma,Dentro de Norma,Dentro de Norma,Dentro de Norma,Fuera de Norma
001685,12 de junio de 2025,Zapopan,No Detectado,Dentro de Norma,Dentro de Norma,Fuera de Norma,Dentro de Norma,Dentro de Norma,Dentro de Norma
001663,12 de junio de 2025,Zapopan,No Detectado,Dentro de Norma,Dentro de Norma,Fuera de Norma,Dentro de Norma,Dentro de Norma,Dentro de Norma
001685,13 de junio de 2025,Tlaquepaque,No Realizado,Dentro de Norma,Dentro de Norma,Fuera de Norma,Dentro de Norma,Dentro de Norma,Fuera de Norma
001705,16 de junio de 2025,Zapopan,No Realizado,Dentro de Norma,Dentro de Norma,Dentro de Norma,Dentro de Norma,Dentro de Norma,Fuera de Norma
001750,19 de junio de 2025,Zapopan,No Realizado,Dentro de Norma,Dentro de Norma,Dentro de Norma,Dentro de Norma,Dentro de Norma,Dentro de Norma
001751,19 de junio de 2025,Zapopan,No Realizado,Dentro de Norma,Dentro de Norma,Dentro de Norma,Dentro de Norma,Dentro de Norma,Dentro de Norma
001834,30 de junio de 2025,Zapopan,No Realizado,Dentro de Norma,Dentro de Norma,Fuera de Norma,Dentro de Norma,Dentro de Norma,Fuera de Norma
001911,8 de julio de 2025,Zapopan,No Realizado,Dentro de Norma,Dentro de Norma,Dentro de Norma,Dentro de Norma,Dentro de Norma,Fuera de Norma
002015,10 de julio de 2025,Tonalá,No Realizado,Fuera de Norma,Dentro de Norma,Dentro de Norma,Dentro de Norma,Dentro de Norma,Fuera de Norma
002011,10 de julio de 2025,Zapopan,No Realizado,Dentro de Norma,Dentro de Norma,Fuera de Norma,Dentro de Norma,Dentro de Norma,Fuera de Norma
002060,15 de julio de 2025,Zapopan,No Detectado,Dentro de Norma,Dentro de Norma,Fuera de Norma,Dentro de Norma,Dentro de Norma,Dentro de Norma
002272,4 de agosto de 2025,Guadalajara,No Detectado,Dentro de Norma,Dentro de Norma,Dentro de Norma,Dentro de Norma,Dentro de Norma,Fuera de Norma
002273,4 de agosto de 2025,Guadalajara,No Detectado,Dentro de Norma,Dentro de Norma,Dentro de Norma,Dentro de Norma,Dentro de Norma,Fuera de Norma
002375,13 de agosto de 2025,Guadalajara,No Detectado,Dentro de Norma,Dentro de Norma,Fuera de Norma,Dentro de Norma,Dentro de Norma,Dentro de Norma
002376,13 de agosto de 2025,Guadalajara,No Realizado,Dentro de Norma,Dentro de Norma,Fuera de Norma,Dentro de Norma,Dentro de Norma,Dentro de Norma
002377,13 de agosto de 2025,Guadalajara,No Detectado,Dentro de Norma,Dentro de Norma,Fuera de Norma,Dentro de Norma,Dentro de Norma,Dentro de Norma
002404,14 de agosto de 2025,Tonalá,No Detectado,Fuera de Norma,Dentro de Norma,Dentro de Norma,Dentro de Norma,Dentro de Norma,Dentro de Norma
002434,19 de agosto de 2025,Zapopan,No Realizado,Dentro de Norma,Dentro de Norma,Fuera de Norma,Dentro de Norma,Dentro de Norma,Fuera de Norma
002435,19 de agosto de 2025,Zapopan,No Detectado,Dentro de Norma,Dentro de Norma,Dentro de Norma,Dentro de Norma,Dentro de Norma,Fuera de Norma
002446,20 de agosto de 2025,Tlaquepaque,No Detectado,Dentro de Norma,Dentro de Norma,Fuera de Norma,Dentro de Norma,Dentro de Norma,Fuera de Norma
002479,22 de agosto de 2025,Zapopan,No Detectado,Dentro de Norma,Dentro de Norma,Dentro de Norma,Dentro de Norma,Dentro de Norma,Fuera de Norma
002503,26 de agosto de 2025,Zapopan,No Realizado,Dentro de Norma,Dentro de Norma,Fuera de Norma,Dentro de Norma,Dentro de Norma,Dentro de Norma
002661,3 de septiembre de 2025,Tonalá,No Detectado,Fuera de Norma,Dentro de Norma,Fuera de Norma,Dentro de Norma,Dentro de Norma,Fuera de Norma
002779,18 de septiembre de 2025,Zapopan,No Realizado,Dentro de Norma,Dentro de Norma,Fuera de Norma,Dentro de Norma,Dentro de Norma,Fuera de Norma
002784,19 de septiembre de 2025,Zapopan,No Detectado,Dentro de Norma,Dentro de Norma,Fuera de Norma,Dentro de Norma,Dentro de Norma,Fuera de Norma
002785,19 de septiembre de 2025,Zapopan,No Detectado,Dentro de Norma,Dentro de Norma,Fuera de Norma,Dentro de Norma,Dentro de Norma,Fuera de Norma
002795,22 de septiembre de 2025,Zapopan,No Realizado,Dentro de Norma,Dentro de Norma,Dentro de Norma,Dentro de Norma,Dentro de Norma,Fuera de Norma
002869,25 de septiembre de 2025,Tonalá,No Realizado,Dentro de Norma,Dentro de Norma,Fuera de Norma,Dentro de Norma,Dentro de Norma,Fuera de Norma
002914,30 de septiembre de 2025,Guadalajara,No Detectado,Dentro de Norma,Dentro de Norma,Dentro de Norma,Dentro de Norma,Dentro de Norma,Dentro de Norma
002915,30 de septiembre de 2025,Guadalajara,No Detectado,Dentro de Norma,Dentro de Norma,Dentro de Norma,Dentro de Norma,Dentro de Norma,Fuera de Norma
002943,1 de octubre de 2025,Tlaquepaque,No Detectado,Dentro de Norma,Dentro de Norma,Dentro de Norma,Dentro de Norma,Dentro de Norma,Fuera de Norma
003041,9 de octubre de 2025,Tonalá,No Detectado,Fuera de Norma,Dentro de Norma,Dentro de Norma,Dentro de Norma,Dentro de Norma,Dentro de Norma
003113,16 de octubre de 2025,Zapopan,No Detectado,Dentro de Norma,Dentro de Norma,Dentro de Norma,Dentro de Norma,Dentro de Norma,Dentro de Norma
003123,16 de octubre de 2025,Zapopan,No Detectado,Dentro de Norma,Dentro de Norma,Dentro de Norma,Dentro de Norma,Dentro de Norma,Fuera de Norma
003142,20 de octubre de 2025,Zapopan,No Realizado,Dentro de Norma,Dentro de Norma,Dentro de Norma,Dentro de Norma,Dentro de Norma,Fuera de Norma
003349,5 de noviembre de 2025,Tlaquepaque,No Detectado,Dentro de Norma,Dentro de Norma,Dentro de Norma,Dentro de Norma,Dentro de Norma,Fuera de Norma
003432,13 de noviembre de 2025,Tonalá,No Detectado,Dentro de Norma,Dentro de Norma,Dentro de Norma,Dentro de Norma,Dentro de Norma,Dentro de Norma
003474,19 de noviembre de 2025,Zapopan,No Realizado,No Realizado,Dentro de Norma,Dentro de Norma,Dentro de Norma,Dentro de Norma,Fuera de Norma
003536,21 de noviembre de 2025,Zapopan,No Detectado,No Realizado,Dentro de Norma,Dentro de Norma,Dentro de Norma,Dentro de Norma,Fuera de Norma
003537,21 de noviembre de 2025,Zapopan,No Detectado,No Realizado,Dentro de Norma,Dentro de Norma,Dentro de Norma,Dentro de Norma,Fuera de Norma
003548,24 de noviembre de 2025,Zapopan,No Realizado,Dentro de Norma,Dentro de Norma,Dentro de Norma,Dentro de Norma,Dentro de Norma,Fuera de Norma
003673,1 de diciembre de 2025,Tlaquepaque,No Detectado,Dentro de Norma,Dentro de Norma,Dentro de Norma,Dentro de Norma,Dentro de Norma,Dentro de Norma
003888,15 de diciembre de 2025,Zapopan,No Detectado,Dentro de Norma,Dentro de Norma,Dentro de Norma,Dentro de Norma,Dentro de Norma,Fuera de Norma
003889,15 de diciembre de 2025,Zapopan,No Detectado,Dentro de Norma,Dentro de Norma,Dentro de Norma,Dentro de Norma,Dentro de Norma,Fuera de Norma
000055,15 de enero de 2026,Tonalá,No Detectado,Dentro de Norma,Dentro de Norma,Dentro de Norma,Dentro de Norma,Dentro de Norma,Dentro de Norma
000077,16 de enero de 2026,Tlaquepaque,No Detectado,Dentro de Norma,Dentro de Norma,Dentro de Norma,Dentro de Norma,Dentro de Norma,Fuera de Norma
000078,16 de enero de 2026,Tlaquepaque,No Detectado,Dentro de Norma,Dentro de Norma,Dentro de Norma,Dentro de Norma,Dentro de Norma,Fuera de Norma
000072,16 de enero de 2026,Zapopan,No Detectado,Dentro de Norma,Dentro de Norma,Dentro de Norma,Dentro de Norma,Dentro de Norma,Dentro de Norma
000110,20 de enero de 2026,Zapopan,No Detectado,Dentro de Norma,Dentro de Norma,Dentro de Norma,Dentro de Norma,Dentro de Norma,Fuera de Norma
000137,22 de enero de 2026,Zapopan,No Detectado,Dentro de Norma,Dentro de Norma,Dentro de Norma,Dentro de Norma,Dentro de Norma,Fuera de Norma
000154,23 de enero de 2026,Zapopan,No Detectado,Dentro de Norma,Dentro de Norma,Dentro de Norma,Dentro de Norma,Dentro de Norma,Fuera de Norma
000164,26 de enero de 2026,Guadalajara,No Detectado,Dentro de Norma,Dentro de Norma,Dentro de Norma,Dentro de Norma,Dentro de Norma,Dentro de Norma
000165,26 de enero de 2026,Guadalajara,No Detectado,Dentro de Norma,Dentro de Norma,Dentro de Norma,Dentro de Norma,Dentro de Norma,Fuera de Norma
000232,3 de febrero de 2026,Tonalá,No Detectado,Dentro de Norma,Dentro de Norma,Dentro de Norma,Dentro de Norma,Dentro de Norma,Fuera de Norma
000267,5 de febrero de 2026,Zapopan,No Detectado,Dentro de Norma,Dentro de Norma,Dentro de Norma,Dentro de Norma,Dentro de Norma,Fuera de Norma
000287,9 de febrero de 2026,Tonalá,No Detectado,Dentro de Norma,Dentro de Norma,Dentro de Norma,Dentro de Norma,Dentro de Norma,Fuera de Norma
000288,9 de febrero de 2026,Tonalá,No Detectado,Dentro de Norma,Dentro de Norma,Dentro de Norma,Dentro de Norma,Dentro de Norma,Fuera de Norma
000289,9 de febrero de 2026,Tonalá,No Detectado,Dentro de Norma,Dentro de Norma,Dentro de Norma,Dentro de Norma,Dentro de Norma,Fuera de Norma
000290,9 de febrero de 2026,Tonalá,No Detectado,Dentro de Norma,Dentro de Norma,Dentro de Norma,Dentro de Norma,Dentro de Norma,Fuera de Norma
000308,10 de febrero de 2026,Zapopan,No Detectado,Dentro de Norma,Dentro de Norma,Dentro de Norma,Dentro de Norma,Dentro de Norma,Fuera de Norma
000335,11 de febrero de 2026,Zapopan,No Detectado,Dentro de Norma,Dentro de Norma,Fuera de Norma,Dentro de Norma,Dentro de Norma,Fuera de Norma
000354,12 de febrero de 2026,Zapopan,No Detectado,Dentro de Norma,Dentro de Norma,Dentro de Norma,Dentro de Norma,Dentro de Norma,Fuera de Norma
000378,13 de febrero de 2026,Zapopan,No Detectado,Dentro de Norma,Dentro de Norma,Dentro de Norma,Dentro de Norma,Dentro de Norma,Fuera de Norma
000394,16 de febrero de 2026,Zapopan,No Detectado,Dentro de Norma,Dentro de Norma,Dentro de Norma,Dentro de Norma,Dentro de Norma,Fuera de Norma
000398,17 de febrero de 2026,Zapopan,No Detectado,Dentro de Norma,Dentro de Norma,Dentro de Norma,Dentro de Norma,Dentro de Norma,Fuera de Norma
000492,25 de febrero de 2026,Zapopan,No Realizado,Dentro de Norma,Dentro de Norma,Dentro de Norma,Dentro de Norma,Dentro de Norma,Fuera de Norma
000610,5 de marzo de 2026,Guadalajara,No Detectado,Dentro de Norma,Dentro de Norma,Fuera de Norma,Dentro de Norma,Dentro de Norma,Fuera de Norma
000613,5 de marzo de 2026,Guadalajara,No Detectado,Dentro de Norma,Dentro de Norma,Dentro de Norma,Dentro de Norma,Dentro de Norma,Fuera de Norma
000616,5 de marzo de 2026,Guadalajara,No Detectado,Dentro de Norma,Dentro de Norma,Dentro de Norma,Dentro de Norma,Dentro de Norma,Fuera de Norma
000597,5 de marzo de 2026,Tlaquepaque,No Detectado,Dentro de Norma,Dentro de Norma,Dentro de Norma,Dentro de Norma,Dentro de Norma,Fuera de Norma
000598,5 de marzo de 2026,Tlaquepaque,No Detectado,Dentro de Norma,Dentro de Norma,Dentro de Norma,Dentro de Norma,Dentro de Norma,Fuera de Norma
000606,5 de marzo de 2026,Tlaquepaque,No Detectado,Dentro de Norma,Dentro de Norma,Fuera de Norma,Dentro de Norma,Dentro de Norma,Fuera de Norma
000607,5 de marzo de 2026,Tlaquepaque,No Detectado,Dentro de Norma,Dentro de Norma,Dentro de Norma,Dentro de Norma,Dentro de Norma,Fuera de Norma
000622,6 de marzo de 2026,Zapopan,No Detectado,Dentro de Norma,Dentro de Norma,Dentro de Norma,Dentro de Norma,Dentro de Norma,Fuera de Norma
000624,9 de marzo de 2026,Guadalajara,No Realizado,Dentro de Norma,Dentro de Norma,Dentro de Norma,Dentro de Norma,Dentro de Norma,Fuera de Norma
000641,10 de marzo de 2026,Tonalá,No Detectado,Dentro de Norma,Dentro de Norma,Dentro de Norma,Dentro de Norma,Dentro de Norma,Dentro de Norma
000642,10 de marzo de 2026,Tonalá,No Detectado,Dentro de Norma,Dentro de Norma,Dentro de Norma,Dentro de Norma,Dentro de Norma,Dentro de Norma
000643,10 de marzo de 2026,Tonalá,No Detectado,Dentro de Norma,Dentro de Norma,Dentro de Norma,Dentro de Norma,Dentro de Norma,Fuera de Norma
000644,10 de marzo de 2026,Tonalá,No Detectado,Dentro de Norma,Dentro de Norma,Dentro de Norma,Dentro de Norma,Dentro de Norma,Fuera de Norma
000706,12 de marzo de 2026,Tonalá,No Detectado,Dentro de Norma,Dentro de Norma,Dentro de Norma,Dentro de Norma,Dentro de Norma,Dentro de Norma
000690,12 de marzo de 2026,Zapopan,No Realizado,Dentro de Norma,Dentro de Norma,Dentro de Norma,Dentro de Norma,Dentro de Norma,Fuera de Norma
000736,13 de marzo de 2026,Guadalajara,No Detectado,Dentro de Norma,Dentro de Norma,Dentro de Norma,Dentro de Norma,Dentro de Norma,Dentro de Norma
000737,13 de marzo de 2026,Guadalajara,No Detectado,Dentro de Norma,Dentro de Norma,Dentro de Norma,Dentro de Norma,Dentro de Norma,Dentro de Norma
000723,13 de marzo de 2026,Tlaquepaque,No Realizado,Dentro de Norma,Dentro de Norma,Dentro de Norma,Dentro de Norma,Dentro de Norma,Dentro de Norma
000747,17 de marzo de 2026,Tonalá,No Detectado,Dentro de Norma,Dentro de Norma,Dentro de Norma,Dentro de Norma,Dentro de Norma,Dentro de Norma
000787,18 de marzo de 2026,Tonalá,No Detectado,No Realizado,No Realizado,No Realizado,No Realizado,No Realizado,No Realizado
000758,18 de marzo de 2026,Zapopan,No Realizado,Dentro de Norma,Dentro de Norma,Dentro de Norma,Dentro de Norma,Dentro de Norma,Dentro de Norma
000757,18 de marzo de 2026,Zapopan,No Realizado,Dentro de Norma,Dentro de Norma,Dentro de Norma,Dentro de Norma,Dentro de Norma,Fuera de Norma